,implementation,sample_size,time_mean,time_var
0,tskit,10,1.5113172121345997e-05,3.383958124259217e-11
1,tskit,100,1.7396670300513507e-05,1.2159340878630962e-11
2,tskit,1000,4.9562242347747086e-05,5.6394559323264995e-11
3,tskit,10000,0.0005479792854748666,7.65248697254521e-09
4,tskit,100000,0.008764055396895856,1.0580423426932238e-06
5,tskit,1000000,0.32443660728167745,4.913744728774793e-05
